"x1","x2","x3","x4","x5","y"
-0.27435,0.845198,-0.643575,0.712563,2.14338,0
-0.399905,-1.32452,1.08486,0.36753,-0.652178,0
-0.85594,-0.893459,0.862589,-0.103719,-1.54075,0
2.07522,1.19681,-0.424048,1.24359,0.464051,1
1.04832,0.0996349,-1.06367,0.0467446,-0.339665,1
0.225964,1.6697,0.844603,1.5666,-0.527806,1
-0.905046,-0.732243,0.517532,-0.384969,-0.727948,0
1.70871,0.923566,-0.0735404,-1.1158,0.887304,0
0.0984905,0.118389,-1.94659,-0.762513,-0.523495,0
0.796179,1.80756,0.876984,0.170497,-0.0945711,1
0.380201,0.0102824,3.18973,1.54428,-1.17503,1
0.460778,0.0558254,0.523509,-1.32419,-0.480385,1
0.498863,-1.04105,-1.63059,0.88477,0.578238,1
-1.35022,0.507219,1.48538,-0.0744603,1.54544,0
-0.532562,-0.587565,-0.663369,0.747655,-0.495073,0
-1.06006,0.502557,-2.23187,-0.555182,-0.0788347,1
1.74189,-0.0637331,-0.580755,1.54364,0.830304,1
-0.369214,1.38948,-0.193635,0.344747,-0.802399,0
0.770125,0.615619,1.01066,-0.218248,-0.782185,1
-0.849825,1.45534,0.00848104,0.253341,1.87604,0
1.94754,0.403488,-0.113089,0.723502,-0.709968,1
-0.301535,-1.0093,1.42539,-0.909201,-0.302163,0
-0.00329551,-1.29478,0.827904,1.56042,1.5163,0
-0.341835,-1.075,0.43539,-1.00749,0.427467,0
1.31164,-0.682003,0.302589,0.826244,2.04476,1
-1.0182,0.474188,0.678305,-0.421089,-0.336519,0
0.528225,1.75994,-1.05395,0.35067,-1.50013,0
0.162128,0.283326,0.136892,0.356943,0.669315,1
-1.50829,0.851218,1.43758,2.14334,0.757431,0
-2.29697,-0.431588,-1.95535,0.678048,-0.496518,1
1.40263,-0.196638,-0.747136,1.08741,0.961361,1
0.937698,-0.88927,1.20599,-0.0361099,-0.24126,1
1.05228,1.66097,-0.33831,1.18242,-1.33764,1
0.542733,-1.93515,1.52323,0.777697,-0.161785,1
1.41836,0.75062,-0.22908,-0.445521,2.85521,0
-1.28387,0.871875,-2.10359,-0.466407,-0.395624,1
-0.904613,-0.825125,0.593326,1.95449,0.244335,0
2.68732,-0.410609,0.294274,1.97739,0.384246,1
0.128169,0.247304,0.630185,-1.88132,0.895013,1
-1.06588,-0.962114,-0.169912,-0.99851,-0.55644,0
0.315878,0.984393,1.02821,-0.157913,0.364011,1
0.27592,1.25216,1.14347,-0.725964,0.40515,1
-0.292586,-1.00902,1.47487,0.309086,-0.0193022,0
-0.435433,-0.0758589,-0.200819,1.63655,-0.355837,0
1.14635,0.676827,0.607429,-0.304905,0.266317,1
0.113694,-1.3996,1.25186,-0.937969,-0.211129,1
0.202149,-0.891734,1.58245,-1.37216,-2.5821,0
-1.21265,-0.244726,-0.382916,-1.24217,-1.84724,0
0.0487162,2.27459,-0.722858,1.08029,-0.508411,1
0.42779,-1.10341,0.0985012,0.0876352,0.982392,1
-1.33117,-1.86797,-0.800302,-0.792347,-0.703751,1
-0.358887,0.34928,0.908506,0.115509,-0.0862842,0
0.492588,-1.31992,0.0024979,1.40761,0.245796,1
0.230233,-2.0623,1.76807,-0.424828,-0.211898,1
1.074,1.06359,0.272843,-2.15581,1.96021,0
-0.658229,0.703944,-0.173553,0.197194,-0.551567,0
0.887909,0.500955,0.114898,-1.54573,0.186282,0
0.947728,1.82704,-1.7686,1.91489,0.194362,1
0.265894,-0.485804,-1.70285,-0.231966,0.816213,0
-0.523127,1.08622,-0.248892,0.243347,0.357581,0
-0.730413,0.471957,0.361678,0.264647,-1.01174,0
0.90383,1.04843,-0.783511,-0.527316,1.54102,0
-2.25531,-0.683595,0.57367,0.542113,0.896045,0
1.58214,-1.28434,1.34298,0.393441,1.43244,1
-0.217579,0.284881,0.661892,-0.801882,-0.460466,0
1.74154,0.837835,-1.79431,0.0747448,1.43769,0
-1.67421,1.54396,2.36483,-0.320145,-0.54733,0
-1.23455,-2.87144,-0.868556,-1.49268,0.0637454,1
-0.720547,-0.474792,0.311339,0.779556,-1.46378,0
0.816514,1.07344,-0.448301,-0.818217,-0.037807,0
-1.76346,-0.765481,1.48034,-1.06378,1.52617,0
-1.14543,-1.02463,-0.941429,1.68029,-0.637236,0
-0.119363,-0.997166,-0.578561,-0.4779,0.158189,1
-2.39499,1.74847,-0.227793,-1.49661,-2.69462,1
-1.06472,0.221527,-0.850756,-1.01174,-0.552416,1
0.770347,0.475325,0.215125,0.472213,0.313015,1
-1.99977,0.0729728,-1.42173,1.31453,-0.135982,0
1.08043,-0.686017,-0.167906,-0.00684101,-0.451666,1
1.44174,0.172151,0.967476,-0.0280569,-2.08564,0
-0.682557,-0.840377,1.65306,-1.64651,0.495123,0
-1.1419,0.758066,-0.575992,-1.161,0.142453,1
-0.117389,-0.798406,1.37845,0.525529,-1.181,0
-0.579715,-0.701235,0.14918,-1.81149,0.788461,1
-0.374162,0.706422,-0.906383,-1.40701,-0.625936,1
-0.193691,0.633875,1.42233,0.146027,-0.157639,0
0.0393204,0.0809426,0.557932,0.483939,-0.824826,1
1.88038,-1.47308,0.865205,-1.30802,0.264608,1
-0.203125,0.174147,0.917587,-1.16016,-0.249027,0
-0.404977,-0.452106,0.62323,0.0587203,-0.257214,0
0.30017,-0.246913,1.77866,-0.408439,0.86178,1
0.450253,1.00091,-1.54363,-0.296891,0.391079,0
0.407507,-2.30468,-1.63577,0.398917,0.202387,1
0.164689,0.13612,1.20293,1.00476,-0.0899883,1
-1.25427,-0.419946,0.0440875,1.38873,-0.139983,0
1.33258,0.677487,1.60372,0.397494,1.27719,1
0.772674,-1.9043,0.985415,-0.644114,-0.139865,1
-0.81584,-0.325365,0.565924,-0.0248181,-0.466851,0
1.22929,0.287914,-0.246268,-0.185339,0.714005,1
-0.0267171,0.543526,-0.572888,0.490528,-0.94232,0
0.93349,-0.200839,0.647262,0.291827,-0.188678,1
0.711305,-1.06327,-1.48508,2.01904,0.469638,1
0.652448,0.993136,0.510274,-1.86376,-0.601199,0
0.139201,0.0386045,0.148149,0.039688,0.0967403,1
0.182481,-1.20897,0.79925,-0.334588,-0.181508,1
-0.133641,0.402652,-1.02794,0.262217,0.156381,0
-0.452943,-0.393347,-0.337428,-1.00269,0.142733,0
-2.29162,0.792999,0.872915,0.0347724,0.450419,0
0.94975,-0.191792,-0.0088172,-0.363382,-0.00785631,1
1.76976,-1.34176,-0.313835,0.495061,0.988939,1
-2.21262,-0.483751,-0.454314,-0.126804,-1.38874,0
-0.278002,-0.653871,-0.651539,-0.950075,0.832295,1
0.338868,0.612771,0.100967,2.02635,-0.0896967,1
-1.67527,-1.03411,-0.518096,0.448471,-3.05355,0
-1.22216,0.830053,-0.924612,-2.02021,-0.949006,1
0.335209,-1.13353,1.48974,-0.236727,-0.692067,1
0.942851,-0.723537,1.10808,0.475991,-1.04755,1
0.521493,-1.57936,-0.479911,0.165077,0.315845,1
-0.314987,0.611415,-0.392385,-1.84016,1.95199,1
0.221529,-1.95405,-0.124341,-2.62218,-0.515718,0
-0.933295,1.7491,1.37344,1.45709,0.753242,0
0.318453,-0.954133,0.300803,-1.97889,-0.0445593,1
0.528817,-1.15568,-0.438782,-0.0256986,-1.08136,1
0.117542,0.0770501,-0.799015,-1.25564,-0.0033912,0
-0.342703,0.187777,-1.08246,0.0422832,0.690665,0
0.741143,-0.167853,2.03575,-0.963718,0.670286,1
1.82884,-0.585398,-1.23163,0.268433,0.166029,0
-0.67241,1.3501,0.31622,0.726552,0.566392,0
0.89601,-0.522263,-0.147185,1.23987,1.2515,1
0.26492,-0.404069,0.457804,-1.47501,0.368536,1
-0.5723,0.344616,-0.59931,-0.0632712,-0.0445227,0
-1.29763,1.37249,1.52782,0.398743,-0.229669,0
-2.00467,-0.171817,0.144342,0.0857067,-0.210598,0
0.451151,2.44796,1.1351,-0.406115,-0.123761,1
-0.190453,-0.93406,0.440027,-0.38078,-1.49867,0
-2.85073,0.365492,0.613294,-0.168939,-0.947501,0
0.0843151,0.0544155,-0.111131,-0.335829,-1.06721,1
0.332975,1.64533,0.933304,-0.966759,0.722799,1
0.954203,-0.250424,1.00581,1.43152,1.0113,1
0.330634,-1.55892,0.0804363,-1.23717,-0.712548,1
1.43773,0.33034,0.785124,-0.179621,0.0038161,1
-0.557145,0.461244,1.39168,-0.317593,-0.216043,0
0.0948119,-0.772185,-0.62249,0.266336,-0.615876,1
0.100667,-2.06666,-0.184757,0.0113119,0.148789,1
1.82789,1.1124,1.64007,-0.18476,-0.383396,1
1.24228,0.602813,0.76116,0.171962,0.56772,1
0.403308,0.0346023,0.180009,-0.212474,0.190193,1
-0.590637,-0.492552,0.462526,0.94322,-0.676502,0
-0.499442,-0.169569,0.127761,0.473408,-0.0829955,0
1.20764,-0.0168124,0.290392,1.68588,1.69094,1
-1.2474,-0.798738,0.928784,0.0506064,-0.362079,0
0.170565,0.0660488,1.2513,-0.989291,-1.72815,0
-0.834899,-0.547518,-0.230615,0.690337,-0.28957,0
-1.1087,2.44378,2.07777,-2.90646,-0.427905,1
0.972491,1.36271,-0.759301,-1.15045,0.923728,0
0.191793,0.557383,0.313996,1.82569,-0.377378,1
-0.366577,-0.506162,1.11791,-0.431735,0.0223515,0
1.4034,1.43509,0.722417,1.04504,-2.22134,1
-0.152674,-0.876474,-0.517136,-0.782724,1.01397,1
1.09144,2.30111,1.32821,-0.815412,-0.865935,1
0.821692,1.01102,0.644429,-1.52363,0.722725,1
-0.672277,-3.00413,-0.737477,1.00584,0.865858,1
0.0704374,0.223644,0.198018,0.127541,0.867327,1
-0.99271,2.54197,0.775655,-1.10444,0.301195,1
-0.807091,-0.0872511,0.366001,-1.88625,2.47857,1
1.19001,-0.420767,1.67155,-1.186,-1.33099,1
0.130009,0.280531,0.241592,1.2864,3.17276,0
0.563035,0.109433,-0.0421618,0.878823,-1.12481,1
1.66412,1.67178,1.45845,-0.295064,-0.158465,1
1.50059,-1.16069,0.277567,-0.149847,-0.44006,1
-1.32976,1.40997,-1.36449,-1.79098,0.100368,1
-1.4095,0.12983,-0.499363,-2.05639,-1.00124,1
0.933572,1.17364,0.208024,0.364081,1.26229,1
1.67623,-1.34774,-1.50843,0.841094,1.09947,1
-0.164538,-1.37346,1.21197,-0.629791,-0.0820516,0
0.343492,-0.323467,0.0152976,1.99838,0.110434,1
-1.44937,-0.977861,2.06849,-1.28573,-1.20309,0
0.302186,0.214666,1.29173,-0.288557,0.842457,1
0.101576,0.199933,-0.226609,-0.0169828,0.354423,1
-0.0264025,-0.19374,0.842362,-1.01098,0.382133,0
1.06202,-0.023089,-0.518647,-0.407137,-1.74805,0
0.095875,-0.0055687,-1.01097,0.949891,0.101943,1
0.00865134,-0.155767,-0.273647,-0.00513754,-0.55194,1
0.915737,-1.62836,0.903863,0.438506,-1.62652,1
-0.656303,-0.139358,-0.571759,-0.767432,-1.24532,1
-0.0399435,0.135846,-0.781548,-0.0428522,-0.692082,0
-0.411667,0.392632,-1.8102,-1.05031,-0.236487,1
1.30666,0.147973,-0.224805,-0.246465,1.82799,0
-0.466806,0.803033,0.283819,-0.51736,-0.642667,0
-0.321332,-0.386185,-1.82627,0.899868,-1.10926,0
-0.366352,-0.945314,-0.502595,-0.0994542,-0.344346,0
0.0374865,1.47568,0.427156,0.0953135,-0.16372,1
0.39756,-0.517699,0.0311481,0.507453,0.0603741,1
-0.502123,1.26534,0.0182985,0.872249,0.809352,0
1.51376,0.668814,-1.0246,0.349817,0.352452,1
-1.29593,1.54212,1.45713,-0.832695,0.885762,0
-0.820502,-1.59651,-0.470311,-0.983267,-0.273133,1
-0.441288,-0.894295,0.0417421,-0.480007,0.600397,0
-0.0787372,0.191604,-0.152335,-0.554887,-0.140487,0
0.841945,0.861157,-1.01404,-0.590105,1.17303,0
0.575026,-0.790698,-1.4074,-1.99173,-0.82843,0
0.874208,-0.702032,0.983109,-0.307356,0.0763316,1
-1.32373,0.0629372,-0.768629,-0.68466,-1.73433,1
-0.59897,0.339968,0.0121352,-0.780008,-0.0136132,0
1.42358,-0.102483,-0.0415881,-0.465807,1.40768,0
1.60544,1.75548,-0.39688,-2.17459,-0.691188,0
0.203792,-0.906379,0.996796,-0.774204,0.718117,1
-1.09652,-1.64458,0.185704,0.523689,1.31345,0
1.72051,-0.0960859,-0.965779,0.192982,1.2239,0
-0.894798,0.824531,1.77331,-0.870344,0.417762,0
-1.05261,1.08664,0.0631107,1.50374,-1.09007,0
0.64756,-1.14497,-0.73008,-0.560155,-1.4904,0
-0.784797,-1.14642,-1.14247,0.965215,-1.41949,0
1.01601,-0.77409,0.574004,1.76958,0.85652,1
-0.427798,-0.431846,0.113324,-0.858143,-1.49691,0
-0.471427,-0.129144,0.546948,0.158565,-1.5572,0
-1.7372,0.0682589,-0.710175,0.345156,0.700835,0
-0.0351565,0.657647,-0.552554,1.69164,0.0447244,0
0.585588,-1.58728,-0.223956,-1.2525,0.120894,0
-0.393312,-0.178299,0.037763,-0.524181,0.961197,0
0.495294,0.884787,0.341259,-0.803943,-0.917129,1
1.25154,-0.416263,0.944024,1.49835,0.431132,1
-0.803835,-0.659402,0.651498,0.544157,0.263865,0
-0.476671,0.0425307,-0.0499811,0.101823,-0.724409,0
-1.38993,-1.19745,0.353365,0.0221226,0.608203,0
-0.682477,-0.72197,1.33825,-1.55248,-1.04428,0
0.349201,1.23144,1.33557,-0.466219,0.311581,1
0.958515,-0.44052,1.2406,1.10183,-0.183817,1
-1.73637,-0.893472,-0.95446,1.01322,1.23193,0
-1.19333,-0.432663,-1.50262,-1.46808,1.1346,1
-0.446837,0.801441,0.474242,-0.40096,0.137412,0
0.126341,-0.781496,0.1349,-0.524146,-0.44455,1
0.477082,1.39094,-1.51588,-0.662522,-0.453893,0
0.420744,0.852152,0.210772,-0.143663,-0.784455,1
2.09031,0.558706,0.176674,1.14897,-1.51884,1
-1.81481,-2.0566,-1.18074,0.20041,1.04626,1
0.719361,0.0984582,0.617171,0.0928519,-2.01601,0
-0.0399438,-2.13108,0.049579,-1.13203,-1.71984,1
-0.545774,-0.139304,2.15944,-0.507244,0.549125,0
0.118111,0.0539035,1.04327,0.995687,0.63839,1
-1.49944,0.291498,-0.105688,-1.15289,0.667267,0
-0.373966,-0.145895,0.590036,0.867467,0.0689947,0
-1.11831,-1.12542,0.23684,-0.608597,-1.28153,0
1.46032,0.461466,-1.61269,2.17537,-1.37137,1
1.06556,-0.202553,-0.523356,-0.785302,0.457676,1
1.17019,0.0696209,-0.0148202,-0.713048,-0.208045,0
2.63245,0.535273,-0.0277938,0.625368,-0.823624,1
-0.504343,0.308639,-1.02973,-0.311508,1.38104,1
0.146339,0.902255,0.772803,1.02656,-0.751354,1
1.29635,1.82283,0.0185246,1.93032,-0.199295,1
0.383395,0.742684,-0.955397,-1.33041,1.0687,0
-0.411354,0.132062,-0.144192,0.870331,1.26403,0
1.41573,0.603382,-0.744848,0.434534,-1.22159,1
0.00610816,0.219508,0.43473,-0.64003,-0.422571,1
0.565171,-0.996872,0.727793,-2.10414,-1.2765,0
-1.12008,0.215286,-0.966899,-1.63131,0.472333,1
-0.715897,0.804991,-1.02977,0.251285,1.28358,0
-0.527224,-2.0002,-0.774852,0.682272,-0.245725,1
-0.541883,-0.928336,-0.231125,1.31783,-0.829566,0
1.24264,-0.965461,1.43511,-0.221227,-0.455113,1
1.13483,1.35388,-0.350675,0.391093,-0.264081,1
1.86788,0.12184,0.656787,-0.464336,-0.755328,1
0.941285,-0.0113157,1.33551,-0.535707,-0.528114,1
1.8766,0.615955,0.690596,-0.916399,-0.246734,1
-0.155148,0.530435,-0.364894,0.839453,-0.243862,0
-0.217386,-1.52948,0.798635,0.367203,0.27951,0
0.0974313,-0.932659,-0.136075,-1.17252,0.723735,1
-1.02558,0.551581,0.30656,-0.568981,1.26746,0
1.23712,-2.06899,0.309962,-0.0546035,2.11183,1
0.253263,-2.31424,-0.345126,0.051629,-1.56753,1
-1.26011,-1.03894,-0.941573,-2.45236,0.102554,1
1.48581,2.23473,0.359256,-0.0969954,-0.707661,1
1.30768,-1.95752,0.718096,-0.0691249,0.162125,1
0.245643,-0.181849,-0.563058,1.01155,1.49227,1
1.03595,-0.385023,1.24184,-0.0426375,-1.74547,1
-1.66264,-0.514748,-0.135261,0.700228,0.27496,0
0.559161,0.339262,1.11703,-1.0375,-0.353231,1
0.487687,-0.215165,1.26683,-1.33089,0.347657,1
-0.826844,-0.411456,0.702336,-0.16229,0.912881,0
-1.11053,2.06793,-0.15684,-0.278711,-1.21183,1
0.29762,-1.60515,-0.442398,-0.211403,0.153914,0
-0.552667,1.42664,0.204236,1.03643,-0.811146,0
0.732345,-1.20801,0.526917,0.0233746,0.118895,1
-0.302958,0.199239,0.62829,-0.582155,0.413354,0
0.238528,-0.35182,-1.04817,0.350332,-0.38703,1
-0.386305,0.556486,-0.572733,-0.601308,-0.417006,0
0.989233,1.07038,1.13162,-0.31598,-2.16471,1
1.39097,-0.96877,-0.674629,-0.254896,-0.751057,1
2.49032,1.12908,-1.15739,1.08795,0.277908,1
-1.30505,-0.00649222,0.427062,0.770788,0.0786884,0
-0.679575,0.184873,1.04968,-0.410627,-0.210915,0
1.38521,0.762704,-0.544389,-0.866154,0.547413,0
0.265,-0.140324,-0.664691,-1.26015,-1.29956,0
-0.881261,-1.10123,1.87099,-1.42034,1.22081,0
2.69625,1.89681,-0.00857688,-0.00765375,0.0132623,1
0.517223,-0.398908,0.932894,0.235523,0.0820547,1
-1.82814,-0.105062,-0.742369,0.246908,-0.389239,0
-0.268756,-0.413125,-1.41759,0.337057,-0.763843,0
0.383301,-2.03566,-0.448211,0.164296,1.15507,1
-0.234036,1.74685,-0.913252,0.812049,0.42008,1
-0.0804108,-0.394816,-0.996399,-0.110018,1.14887,0
-0.301876,0.822208,1.09603,-0.432459,0.506493,0
-1.49504,-1.11547,1.05075,0.702777,1.07501,0
-0.591585,0.807794,-0.862072,-0.0345018,0.150826,0
0.328795,0.457595,-1.84013,-0.332352,0.0950392,0
-0.333875,0.202468,0.351742,-2.19349,1.71758,1
1.14612,-2.27947,-1.44815,-0.114924,-1.22824,0
-0.455358,-1.74447,-2.37981,-0.647519,1.23101,1
-0.063175,0.784001,-0.189857,-0.411357,-0.426456,0
0.613996,0.0476429,-0.258879,0.985486,1.25247,1
0.239915,-0.226368,-0.0636122,1.05685,1.21009,1
0.194088,1.73958,0.885617,-0.169452,0.356011,1
0.400552,0.615572,0.439005,-1.9284,1.15102,1
-0.889303,-0.960715,2.33697,0.139576,0.408147,0
-0.741813,-1.0981,0.411903,0.393518,1.6848,0
-1.37664,-0.215955,1.78818,0.983725,-0.865941,0
-0.850975,-0.751585,-1.33209,-0.547805,0.100323,1
0.739748,0.57856,0.0191471,1.99702,0.449513,1
-1.10689,0.365078,-1.17555,0.397932,-2.31178,0
0.814624,-0.343721,-0.228626,1.68897,-0.474484,1
0.117444,-1.97398,-1.80026,0.42505,-0.426785,1
-0.22554,-0.262868,1.38146,2.76034,-0.00544508,0
0.226601,0.800339,1.20524,-1.04631,0.458612,1
-0.247262,0.194699,0.247253,-0.088213,0.8047,0
0.910658,0.335155,-0.546383,-1.116,1.14092,0
0.163009,-0.140257,1.37167,-1.79671,-0.483719,1
-1.37093,-1.5383,0.448375,1.13813,-1.03524,0
-0.634539,1.67912,-0.369074,-0.0521238,1.9145,1
0.82189,-0.0142044,-1.01533,-0.269376,0.634595,1
0.344195,-2.1739,1.02277,-0.836865,-0.362736,1
1.4284,-1.30878,0.482919,0.588448,-0.528942,1
0.0628559,0.482652,0.0297495,0.195174,1.07826,1
0.43828,0.895377,2.18899,0.513569,1.029,1
0.608449,1.09145,0.824133,0.536665,0.0101169,1
0.803369,0.519976,1.31628,-1.13528,-0.169324,1
-0.936729,-1.31433,-2.35263,1.40606,0.533756,1
0.666447,0.264575,-0.975104,-0.975901,1.25102,0
-1.2446,-0.393369,-1.01485,-1.0884,0.323833,1
-1.31946,-1.06951,-0.90178,0.333763,-0.900036,0
-1.61624,-0.161476,2.06236,-0.518387,-0.171248,0
-1.47213,1.03352,0.387329,0.461514,1.22496,0
4.08967,1.5739,0.68385,0.738091,-1.30359,1
1.35746,-0.286277,-0.253911,0.481119,-0.193181,1
-0.238785,-1.02088,-0.475439,1.82839,0.706327,0
-2.75352,0.0541468,0.618084,-0.623625,0.490481,0
-0.209042,-0.855057,3.58981,0.472656,-0.161151,0
-0.942345,-0.550798,-0.977894,2.71747,-0.703912,0
2.18019,0.55487,-0.399733,0.842914,0.295433,1
1.11533,0.402257,-0.703841,1.09507,-1.56007,1
1.43553,-1.65493,0.234851,0.1728,1.57598,1
-0.80833,-1.06302,-0.447738,-0.516131,0.629999,1
-0.660726,-0.465045,1.71677,-1.769,2.03529,0
-0.393351,-0.724273,-2.42484,0.666199,-1.50736,1
-0.933699,0.156424,1.7412,-0.359116,0.418758,0
2.12722,0.794228,-3.04256,-1.09633,1.32238,0
0.726263,-0.656703,-0.529071,1.00273,0.173777,1
1.82209,-0.830255,-0.988638,-0.768999,-0.951015,0
-1.56507,1.90753,-1.91973,0.626556,-0.264942,1
0.107468,-1.16401,0.208994,1.85203,0.379314,1
0.598322,0.650072,1.05628,-1.23337,0.236416,1
-1.32814,0.144101,1.11201,-0.59207,0.718599,0
-0.479345,1.26047,1.55909,-1.27614,-0.645297,0
1.40761,0.015246,-0.412627,0.463177,0.345248,1
-0.894002,-1.15346,0.480992,0.614656,0.830302,0
-0.347733,0.419426,0.358474,1.9875,1.74408,0
-0.400076,0.470096,-1.16053,-0.442043,1.88167,0
-0.706506,-0.625613,1.24141,-0.932313,-1.60429,0
0.25927,-1.53127,0.510234,-0.0704798,0.687681,1
-0.315068,-1.21101,1.05884,0.487912,0.795713,0
-1.44891,0.201956,1.96236,0.347877,-1.03526,0
0.0151614,-0.300429,-0.615573,0.185952,0.446692,1
1.57384,-0.173504,0.388298,0.758794,0.655324,1
-0.11959,0.814449,-2.30345,1.27216,0.83375,1
-0.36164,-0.803013,-1.21363,0.659261,-0.137779,0
-0.275455,0.250061,1.07225,-1.7626,2.4183,0
0.125912,-0.568992,-0.299303,0.259563,0.151368,1
1.56974,-1.00617,-0.464353,0.471823,0.426714,1
-1.43273,1.08762,-0.925886,-0.0841235,0.616944,0
1.47671,-0.644239,0.902808,-0.0868504,-1.00508,1
-1.03286,-1.1659,-0.642964,-0.330025,-0.193553,0
-2.45889,-0.02722,0.708965,-0.909316,-0.3234,0
0.246222,0.931915,1.25729,1.41889,1.97013,1
-0.23348,-0.232508,1.21336,0.0541135,1.09779,0
0.90674,-0.942535,1.40384,-0.0921127,-0.0822768,1
-0.724922,-0.784604,1.72876,-1.42745,-0.414248,0
-0.107793,-0.868665,-0.867313,1.40705,-1.58332,0
-0.360011,0.420932,-0.289799,-0.826176,0.791072,0
-0.515947,0.740095,-0.396868,-0.231167,-0.175898,0
-0.435153,-1.27118,0.242385,0.0614167,-1.16752,0
0.946069,1.1554,2.01092,0.456926,-1.07249,1
-0.96647,-1.85052,-0.505597,0.280026,0.16213,1
-2.65191,1.36449,0.200882,-0.204487,0.465183,0
-1.45893,1.87479,-0.837315,-0.332959,-0.706192,1
1.15674,0.895156,-0.339328,0.517556,0.407503,1
1.79977,-0.74863,-0.413874,-0.883657,-3.19768,0
1.10491,-0.252842,1.26193,-0.353137,0.00774259,1
1.62163,0.740806,-1.06614,-0.0397547,-1.41696,0
0.757436,-0.768186,-0.81127,0.190534,0.596279,1
-0.954953,1.29832,3.10392,-1.02103,-0.133427,0
-1.12571,0.621672,-0.695869,0.0462521,0.544201,0
-0.0633689,-0.377708,-1.54932,-0.31392,-1.93101,1
0.804417,-0.169364,-1.05709,-0.684327,-0.466029,1
-0.25478,1.40021,-1.56314,0.387198,0.605425,1
-0.265003,0.419587,1.37158,-0.462939,-0.180588,0
1.68443,-0.659228,-0.296157,0.825537,2.62142,0
1.37512,2.58075,0.744541,0.11781,-0.265079,1
2.17706,-1.22626,-1.35822,1.08576,0.871191,1
-0.481213,0.381697,-0.151199,-1.89279,-1.67882,1
1.4845,-0.699888,0.400603,-2.01175,0.626162,0
0.260942,0.491334,-1.35576,1.77811,0.585885,1
1.58551,-0.713574,1.71979,-1.18565,0.534252,1
0.0946239,0.202756,0.352945,0.968714,-1.56132,1
-0.839242,1.02005,0.0425769,-0.193479,-1.54796,0
-0.61236,-0.871808,0.375789,0.349087,-0.305197,0
1.61976,0.870068,0.197165,-0.125278,-1.04475,1
-0.240866,1.67611,-0.28626,1.10018,-0.155529,0
-0.0430578,-2.15199,0.159206,0.0250016,0.592241,1
-0.0965695,-0.077422,-0.565367,-1.64419,0.867748,1
-1.25945,-1.07321,-1.62079,-1.57601,-1.55184,1
-1.04751,-2.07687,0.467329,2.31716,1.21816,0
-0.283821,-0.0773884,1.45537,-0.554325,0.509002,0
0.469191,0.158037,-1.47158,-1.36542,-0.196963,0
-0.784332,-0.0163045,1.09362,-0.356277,0.438221,0
0.133064,1.0413,-2.10635,0.673062,1.84837,0
-0.887827,-1.31795,-1.17673,-1.06738,0.701386,1
0.245421,-0.59417,1.47522,0.912697,1.72144,1
-0.738022,-0.251383,0.225819,-0.502148,0.393472,0
-0.17371,-2.03616,-1.41785,-1.65223,-1.89754,1
0.0143937,-0.642594,-0.941848,-0.273629,2.16841,0
-0.352952,0.170178,-1.55129,-0.346356,1.51739,1
-0.257584,-2.10923,0.376154,-0.777752,-0.120408,1
-0.544798,-0.336101,0.393676,-0.726077,0.771849,0
0.85826,0.226153,-0.779401,0.906006,-2.48931,0
-0.0752305,-0.862237,0.462758,0.24277,-0.0372622,0
1.02371,0.493943,1.81768,-0.173705,-0.460055,1
0.540115,-0.291308,1.91755,0.607394,0.286155,1
-1.39468,-0.371472,-1.13253,0.670695,0.552655,1
1.6063,0.371213,0.373448,-0.0482651,-0.584111,1
0.246012,0.219749,0.654858,-0.482942,0.996143,1
-0.680011,-1.72937,-1.43502,-0.18801,-1.5494,1
0.210855,-0.380606,-0.154081,-0.469478,-0.435293,1
-0.366961,-2.3557,-1.29289,0.644369,0.060366,1
1.32055,1.76528,-1.83584,0.235618,-0.233701,0
-0.0858997,1.52865,0.812351,2.43776,0.577021,0
-1.48371,-0.423742,-0.0786369,1.84389,0.499809,0
-0.331979,1.07196,-0.414553,-0.0620221,1.53342,0
-0.331656,-0.809908,0.88536,0.786076,-0.264087,0
-0.358995,-1.12728,-0.223122,-0.119174,-0.203753,0
-1.4942,0.0835246,-1.11567,0.777014,-0.590341,0
0.79514,0.20935,-0.227513,-0.828704,-0.615727,1
-0.484297,1.55727,0.285043,0.762857,-0.593636,0
0.572158,-0.697544,0.441973,-0.329288,0.376296,1
0.588226,0.509401,1.6351,1.08677,0.0570873,1
-0.067723,-0.0277481,0.0645526,-0.5016,0.109063,0
-0.619451,-0.469618,0.514506,0.249086,-0.245974,0
-0.315368,0.349297,0.594446,-1.02288,-0.566766,0
-0.861275,0.590415,0.225243,-0.525394,0.118032,0
-2.56134,1.37121,0.381347,2.29019,-0.747452,0
-0.0492025,-0.025814,2.70394,0.977109,0.0866103,0
0.252946,-0.79216,0.352895,1.51511,0.0327392,1
0.625988,-0.244737,-1.04691,-1.66627,-0.869941,0
0.595183,-0.328373,-1.06102,1.04875,0.229739,1
1.40713,0.702963,1.75159,0.380006,-0.0516595,1
-0.616655,0.133147,0.979559,-0.446417,-0.896576,0
1.40674,-0.076692,0.173488,0.339438,0.666533,1
-0.148406,1.18028,-0.930968,-1.8818,-1.80514,1
0.225379,-2.50363,1.29458,-1.45478,-1.02105,1
0.748813,-1.26299,0.638038,0.545957,0.362598,1
-1.76082,1.92278,1.61074,2.04449,-0.727617,0
0.309346,1.60214,0.57174,0.449176,-0.324544,1
0.082937,-1.17844,0.80363,-0.6873,1.79506,1
0.784887,0.213088,0.745323,0.528881,0.0868308,1
-0.129448,-0.101921,-1.03067,0.953755,0.543246,0
-0.5281,0.424071,0.264534,2.25404,-2.13922,0
-0.698392,0.277423,0.0807005,-0.349193,0.850188,0
2.23417,0.217136,-0.795663,0.480286,0.243999,1
-0.724642,2.84884,0.49509,-0.188825,1.11641,1
1.04665,0.508721,0.484537,-0.170486,-1.97995,0
0.00297282,0.289436,-0.279623,-0.810349,1.07112,0
-1.12998,-0.304389,-2.73046,-0.628531,-2.53405,1
0.234059,1.13184,-0.82338,-0.977592,-1.20226,0
1.07229,-1.92907,-1.01418,-0.887231,1.00375,0
-0.557133,1.30734,-0.574652,-0.691333,-0.302144,1
-0.486296,1.58731,0.305143,1.52755,0.447649,0
0.611551,-0.829344,-1.21675,1.60875,1.43068,1
0.564503,-1.25141,0.257047,0.000753241,-1.6917,1
-1.17833,0.330205,-0.145601,-1.62973,-0.834203,1
-0.16323,1.29133,-0.694115,0.0113969,0.843284,1
1.00196,-0.453156,-0.848429,-1.79418,-1.69611,0
0.336018,-0.839063,-0.384252,0.0825842,1.21838,1
0.36544,1.9592,0.0497183,1.44052,-1.83528,1
-0.583787,0.395729,-1.61331,2.1116,0.251721,0
-1.96854,0.509342,-0.486336,0.178332,-0.33942,0
1.00694,0.546742,-0.0833919,-0.457392,-1.38259,1
0.377651,1.19786,0.122113,0.926006,-1.29932,1
-0.453499,-0.467236,0.0864924,0.525876,-0.774808,0
1.12539,1.32378,0.632887,0.72987,2.03096,1
0.428521,-0.736405,-0.0317859,-0.225742,0.430652,1
0.087989,0.770035,-0.0514024,-0.450672,-0.887821,0
-0.324349,0.780706,-1.11817,-0.36041,0.653291,1
1.51517,-1.12887,0.419786,0.455063,0.205721,1
-0.659825,0.327442,2.83321,-0.949644,-0.523215,0
0.728351,-1.67057,-0.249285,-0.541723,-0.305487,1
0.460231,-1.25064,-2.05479,0.447333,-0.550701,0
0.429704,1.10109,0.14147,-1.45116,-1.03673,0
0.808961,-0.909989,-0.472493,-0.623883,0.557969,0
0.475675,0.820794,0.75273,0.0287779,1.343,1
0.928842,-0.830907,1.42543,-0.4498,-1.4247,1
-1.20081,1.64681,0.248532,-0.37182,0.575272,0
2.31523,1.30194,1.53282,0.979858,1.57718,1
-0.34076,0.668441,0.081161,0.161596,1.42378,0
-0.787108,-0.739021,-0.659057,0.469698,2.28612,0
-1.80235,-0.447021,-0.28658,0.0758814,-1.44329,0
-0.708957,2.29245,-0.610862,-0.813858,-0.379959,1
-1.18642,0.684838,0.0198954,1.59831,-0.582048,0
0.557771,0.325455,0.0120256,-1.22867,0.666606,1
0.810391,-2.04524,0.638546,0.452247,-0.818441,1
0.48455,-0.289767,1.26742,2.64669,1.14165,1
1.95238,-0.132079,0.902598,0.132735,-0.610557,1
-1.59218,0.501236,-0.90468,1.41921,0.757973,0
-2.3166,2.62823,-0.0976216,0.397332,1.51209,1
1.04275,0.0700629,0.0290464,-0.218815,0.66571,1
1.17634,-1.98904,1.62643,1.36982,0.0159682,1
-0.19983,0.479626,0.606474,0.00238376,0.810212,0
-0.778572,0.991478,-1.04473,0.767924,0.407168,0
-0.326731,0.563695,-0.913097,-2.58244,0.859483,1
-0.832634,1.0496,-1.38084,-0.575685,0.33897,1
-0.45681,-0.187217,0.862071,0.974084,-1.21342,0
0.594215,-0.193788,1.48704,-0.0689763,-1.24086,1
-1.08684,0.114737,0.529639,0.508511,0.00872844,0
-0.975639,-0.357821,-0.284933,-0.446266,-0.162435,0
-0.324725,-0.950796,0.400062,0.537407,-0.759136,0
-1.26157,1.51904,0.401643,-0.937472,-0.0770814,1
-0.526048,1.59554,-0.6306,-0.591788,-1.29334,1
0.146923,1.69498,1.63497,-1.44183,-0.362146,1
0.711484,0.552254,-0.456396,0.495549,0.823556,1
-3.08324,-0.0498663,-1.81768,-1.19235,-1.12935,1
-0.374002,1.26077,0.486371,1.30855,0.0226962,0
0.660601,0.449744,1.00121,1.82066,-0.519325,1
0.573252,1.38429,0.481136,1.10899,-0.238474,1
-1.13684,1.33486,-0.693998,-1.47621,-0.448376,1
0.618746,0.680768,0.131041,-0.886051,1.02462,1
-0.891726,0.146665,1.62222,-0.803652,0.183631,0
-0.461026,-0.43537,0.784638,-0.228419,0.60195,0
0.111176,0.889434,0.455925,-0.663677,-0.301813,1
-0.153084,0.943514,-0.36462,0.223759,0.43457,0
0.0963738,0.832802,0.0530166,-1.79987,-0.171412,0
0.0874418,-1.08597,-0.140734,-0.999056,-1.89225,0
0.373939,-2.54811,-1.21377,-1.17034,-0.451415,0
2.61125,1.25673,-0.172724,0.438854,-0.195652,1
0.334232,-0.436742,0.683685,2.38026,-0.148823,1
0.033401,1.09376,-0.548862,0.658928,-0.115845,1
-0.924687,0.879442,-0.372325,0.548159,-1.82212,0
0.787679,-1.27431,-0.370346,0.916555,-0.0108235,1
-0.0537776,1.7032,0.395443,-1.00209,-2.04788,1
2.28828,-1.87996,-0.725665,1.45951,0.140476,1
-1.04457,0.445954,-1.15765,-0.577011,0.939329,1
0.142567,0.908375,-2.81492,0.199326,-1.29295,0
2.92304,0.11622,-0.438782,0.669532,-0.0180674,1
0.42667,0.148177,-1.79517,0.420135,0.517927,0
-0.816171,1.3948,-0.334689,-0.577722,0.0440451,1
-1.3274,-1.18151,-0.337418,1.293,-0.196527,0
-0.0694798,-0.111998,1.75513,-1.65718,-0.87809,0
0.339826,0.973682,-0.442312,1.3075,-0.886055,1
0.602593,1.40889,0.669406,-0.0486643,-0.440061,1
0.387438,0.341512,-0.579344,1.84488,-0.758384,1
-0.156393,-0.282142,1.1467,-0.511933,-0.771099,0
-0.157816,-1.37022,-1.76792,-1.13497,1.16007,1
1.17037,0.414807,-1.51301,2.54645,0.107408,1
1.61608,-1.31827,-2.11136,0.632495,1.61695,0
0.491566,2.05613,-0.914213,0.225658,-0.369138,0
-2.31199,-0.174929,0.701385,0.470299,1.25462,0
0.660875,0.218718,0.743983,1.20971,-0.828326,1
1.14969,-0.865504,0.971628,-1.14508,-0.62412,1
-0.682071,0.0790286,2.7135,0.544954,0.693975,0
-1.27559,-0.211244,0.0956982,1.28409,0.855888,0
-0.751087,2.01443,0.907561,-1.62145,-0.338944,1
-0.554033,0.367469,-0.265827,-1.58878,-0.895486,1
0.0879532,-1.32416,-0.852106,-1.48898,-0.616873,0
-1.04846,0.42138,1.29612,-1.00893,1.15055,0
1.64107,0.102855,-2.72361,0.0363197,-0.984576,0
1.25687,0.317954,0.00313599,1.76848,1.96723,1
0.347969,1.24653,0.709886,0.678629,0.590168,1
-2.1797,1.54651,0.49043,0.810985,-0.487153,0
-0.614322,-0.292569,-1.1473,0.280445,0.0732017,1
2.20288,0.510282,1.25076,-1.31559,0.584263,1
0.432212,-1.02877,-1.22055,1.93579,-0.884435,1
0.336698,-0.653045,-0.313323,1.35509,0.646659,1
0.654799,-1.19989,0.122156,-0.356864,0.160518,1
-1.1225,0.319586,0.83979,-1.29524,0.0805274,0
-1.15625,-0.829046,0.604464,-0.418205,-0.584092,0
0.536955,-0.360416,-1.1587,-0.14088,1.23886,0
0.121819,-1.33863,1.00704,0.0575395,1.13248,1
-0.196813,-0.944913,-0.791919,-1.75027,-0.146562,1
-0.176844,-2.64697,0.666892,-0.693898,0.328562,1
-1.67287,-1.74318,1.82145,-0.284755,-1.206,0
-0.294523,1.23766,-1.29808,0.465993,0.725689,1
1.38314,1.30692,-0.527383,0.951728,-1.5213,1
2.57876,-0.360983,1.5847,1.05631,-1.27785,1
1.20841,-1.22811,0.338007,-0.285056,0.121355,1
-1.58793,-0.137132,1.07838,0.198381,-0.0386131,0
0.151819,-0.473525,-0.116593,-1.2035,-0.334563,1
-1.74185,-0.507019,0.9138,1.64803,0.497362,0
-0.0915514,2.29034,1.40573,0.286277,-0.667537,0
1.17623,1.80737,-1.33163,0.266675,-0.845821,1
-0.174412,0.7023,-1.56988,0.0973945,0.93199,1
0.298687,0.723914,-1.41821,-2.2636,0.0744372,0
0.658062,-0.295234,0.408459,1.43107,-0.662709,1
1.02815,1.00857,0.780061,-0.517013,1.56568,1
0.501526,0.208423,0.863295,0.957144,1.81567,1
0.236527,-0.901529,-1.27683,0.360075,-0.325634,1
-0.410196,0.0760705,1.10142,0.743087,0.485581,0
-0.461551,0.827858,1.00599,-0.943641,-0.508744,0
0.369691,-0.0285261,-0.0498269,1.76578,-0.428749,1
-0.176302,-1.75271,1.50988,0.760391,-0.577671,0
1.96938,-0.0794446,-0.183099,-1.23988,-1.20104,1
2.24271,-0.234487,-0.213493,1.62249,-0.720772,1
0.460251,-0.983424,0.0585562,1.10752,0.852398,1
0.45838,-0.363519,-0.0573066,0.55902,-0.968668,1
-0.160343,-0.0825481,0.674309,0.480495,0.575329,0
-2.20022,-0.614637,-0.396254,-0.77312,-0.210886,0
-1.14303,-0.292562,0.22722,-0.389034,1.56648,0
-0.802764,0.105524,2.93049,-0.164273,-0.629842,0
-0.755647,-0.0210666,1.83841,-1.15684,1.81799,0
1.90644,-0.967078,1.50178,0.184273,-0.753342,1
0.955266,-0.701314,-0.828848,0.773854,-0.71217,1
0.258584,0.488972,-1.07539,-0.572384,-0.746378,0
-0.364226,-0.216894,-0.308723,0.554707,0.139621,0
0.374587,-0.72288,-0.0216141,-0.296394,-0.671625,1
1.88895,-0.330177,-1.13839,0.545309,0.198251,1
-0.474652,0.876221,-0.35462,-0.475656,-0.37212,1
2.39382,-0.686437,-1.09484,1.38422,-0.0621831,1
-0.0650488,-0.226345,-0.563509,-0.428468,-1.67036,1
0.148418,-0.662021,-0.63711,-0.803118,0.13252,1
0.0339381,-1.45114,-0.453041,-0.282763,-1.05686,1
0.563578,-0.332002,0.368302,-0.637771,0.641792,1
-0.890567,0.33991,0.101278,-0.725386,-1.31753,0
0.612532,0.958329,-0.794794,1.04946,1.14548,1
0.516031,-0.96187,0.840759,-0.332118,0.503461,1
0.399905,0.0511346,0.665712,2.02054,-1.32211,1
0.650534,-0.926026,-1.06931,-0.305662,0.583081,0
-0.900833,1.20846,1.15462,0.481842,0.210367,0
0.508492,-0.635644,-0.136275,0.320379,-0.262863,1
0.545564,1.76037,-0.617678,-0.349012,-0.514337,1
-0.670126,-0.662956,-0.557119,-1.14312,1.22476,1
0.297342,0.0691389,1.26093,-0.0622708,-0.140093,1
0.539165,2.21,-0.683732,-0.112469,3.329,0
-1.40355,-0.555456,1.70621,-0.192271,-0.287328,0
-0.384451,-1.27646,0.110659,0.468084,-0.710674,0
-0.748451,-0.836154,-0.934997,0.619969,-1.74073,0
2.13872,0.489384,-0.342732,-1.27924,-0.375201,1
-0.315931,-0.795551,-0.377891,0.990075,1.43625,0
0.30137,0.888595,0.0675906,-1.08387,0.384572,1
-0.0269798,-0.485254,1.96373,-1.95705,0.624161,0
0.0656768,-1.29071,0.529533,-0.536294,-0.202127,1
-2.42197,0.330422,0.793285,0.25367,-0.00863257,0
0.482649,0.171957,0.168684,-0.917682,0.631572,1
0.581447,-1.43901,1.12292,0.85947,1.50616,1
-0.176673,-0.944601,1.04923,-0.442831,0.116594,0
1.55982,-0.330793,1.18007,-0.954505,-1.09429,1
-1.47141,-0.848914,1.02192,0.790791,0.849121,0
-0.00813006,1.05382,0.511273,-0.131514,0.875907,0
0.541315,0.348887,-0.881997,-0.0363867,1.35328,1
1.88507,1.42668,-0.428464,-0.104764,-0.0206498,1
-2.24593,-2.87745,-1.16305,0.0497795,-0.192204,1
-1.54788,-0.496994,-0.268847,-0.93111,-0.134219,0
0.338625,0.673347,0.421945,-0.402442,1.21768,1
-1.61107,0.585849,0.199613,-0.346969,-0.203733,0
0.379095,0.283104,-1.03364,-0.138523,-1.82435,0
-0.953331,-0.432982,0.0886229,0.216219,-0.521904,0
0.214371,-0.132732,-1.0832,0.522745,-1.04788,1
-1.20936,-0.0791337,-0.139016,-0.107754,0.114248,0
1.2546,0.401188,-0.639014,-1.45013,-1.31573,0
0.359944,-0.557419,1.93162,1.02434,-0.582678,1
-1.29882,-1.00088,-0.54072,-1.46812,-0.94457,1
1.72849,-0.873778,-0.141659,0.66912,0.658172,1
-0.742646,1.00094,0.446046,1.35721,0.963263,0
-0.6891,0.770809,-0.633796,-0.217052,0.712723,1
-1.35622,0.625291,1.17806,-0.00910066,0.37558,0
0.427806,0.629255,2.29285,0.322081,-1.36455,1
-2.07378,1.22844,-1.16403,-0.00618144,-1.43056,0
0.234967,0.216444,0.586953,1.80411,-0.335768,1
-1.57498,2.9055,1.30693,0.823273,-0.350235,1
-0.698099,0.276359,-1.06039,-0.701496,-0.454126,0
0.193625,1.45341,-0.703819,-0.623509,0.219184,1
-0.224647,1.16719,-0.122902,0.23191,-0.24915,0
-0.570071,0.0867754,-0.688297,-0.526771,-0.62026,0
1.58787,1.40718,0.271843,-1.10073,-0.887234,1
-0.920687,1.14627,0.499984,-0.0825634,0.2891,0
0.975232,0.193596,-0.458583,0.180166,0.696086,1
1.17074,1.07872,-0.256903,0.178799,0.304285,1
0.693477,-0.701915,-0.27952,-0.491789,1.22056,0
0.345429,-1.1752,0.136576,0.320506,0.102445,1
-0.653726,1.39963,1.38835,1.10917,-0.224671,0
-0.118601,-1.84055,-0.362733,-1.17976,0.531055,1
0.578189,-0.155852,1.07198,0.115148,-0.0845939,1
2.21186,1.25362,0.835775,0.143696,-1.31848,1
0.756903,1.26184,-0.590199,1.39037,-1.69976,1
0.915189,1.18334,-0.59072,2.24329,-0.551893,1
-1.02241,0.816237,1.63131,-0.501793,-1.81992,0
-1.32263,0.0292752,0.747451,-1.76181,1.23711,0
1.50171,-0.901121,1.65407,0.299282,-0.967954,1
0.596844,-2.65564,-0.219685,-1.43194,0.311331,0
0.671697,-0.665368,0.497641,0.856693,0.881026,1
1.17406,0.0927964,-0.792555,0.10597,-0.238818,1
-0.963964,-0.135946,0.61328,0.435057,-1.18381,0
-1.19844,-0.343011,-0.0602379,-0.384277,-0.721193,0
0.131398,2.0379,0.442466,-0.932516,0.147008,1
1.51896,0.576076,-0.104197,-2.14903,0.423165,0
1.28282,-0.213526,0.463874,-0.125106,0.948982,1
-0.684109,-0.559787,0.925481,-0.275339,-0.268608,0
0.137142,0.904892,0.7382,-0.302108,0.568831,1
0.0872847,-0.789599,0.418838,1.00341,0.158159,1
0.0169869,1.16717,-0.00797303,-0.634416,0.0232335,1
1.34459,-1.45627,0.126468,0.653484,0.334618,1
0.0265229,-0.0578325,0.873616,-0.963284,-0.493616,1
-0.698328,0.527912,1.22908,0.520296,1.65326,0
-0.23787,0.731608,-3.44988,-1.12805,-0.033464,1
2.26428,0.0221977,0.181332,0.71091,-1.06115,1
-0.0678845,1.70497,-1.47031,0.252363,-1.87689,1
-0.151063,1.31608,-1.35023,-0.211326,1.56966,1
-0.156168,-0.723678,1.00936,-0.62183,-0.0798823,0
-0.362975,-1.95877,0.398648,0.122131,1.10882,0
-1.25515,0.249819,0.248811,0.474733,0.516053,0
-0.924083,-1.13697,-0.11326,-0.552318,-1.05349,0
-0.136399,0.479047,-0.296776,1.26948,0.254784,0
-1.43688,0.962314,1.24702,-0.0901886,1.0312,0
-0.798203,0.563989,1.31089,0.237579,0.403358,0
-1.39362,-1.78678,-0.0976801,0.214711,-0.376945,0
0.0369739,0.577233,-0.35165,-0.0967864,0.0114731,1
-0.836236,-0.333652,-0.296837,-1.21038,0.0971282,1
-0.186296,-0.275469,0.0927369,1.39731,0.579239,0
-0.696761,-1.47615,-1.05922,-1.43936,-0.855847,1
1.8095,-0.276504,-0.103522,0.428496,0.204114,1
-0.544792,-0.712859,-0.671856,-0.933639,-0.425304,1
0.226441,-0.137733,-1.62956,-0.185898,0.0363453,0
-0.505459,-0.00480615,2.11448,0.443195,1.84563,0
1.31282,-0.947765,1.40768,0.732881,-0.244892,1
0.0430955,0.116806,1.47887,0.737697,1.06433,1
0.237004,-0.797529,1.13275,0.469315,-0.715612,1
-0.203178,2.16178,0.155953,1.88467,0.0210896,0
0.0443627,1.01111,-0.0853201,0.274694,0.124893,1
0.539489,-0.0114914,-1.04054,2.15417,1.48361,1
0.369327,-1.41018,-0.47896,-0.833641,-0.966668,0
-1.33508,-0.59028,0.657279,-0.210147,-0.0906788,0
-0.904773,-0.344654,-0.0343253,-0.60026,-0.571256,0
-0.36081,-1.9185,-0.809253,0.215269,0.495742,1
0.538351,-0.661125,0.791943,-0.527963,1.22428,1
1.10608,0.711113,-0.696349,0.388707,1.11243,1
0.150881,-0.270432,-0.279582,-1.18304,0.0877232,0
0.624163,-0.409999,-0.740816,-0.888549,-0.169016,0
0.0907815,1.47079,-0.257562,-0.637708,1.80939,0
-0.368041,-1.13109,1.42949,0.94959,-0.344102,0
0.444117,-0.45531,0.597634,0.593419,1.24934,1
0.858007,-2.36383,0.807616,1.54837,0.381416,1
0.626698,0.919831,-0.118541,-1.5805,0.422314,1
0.687502,-0.169702,1.71283,-0.802948,-0.748416,1
-0.562058,0.664395,-0.627705,-0.197141,1.12213,0
0.0365501,0.275415,-0.418867,0.0211842,0.00441271,1
0.990853,0.0956775,-0.283771,-0.0396286,-0.642257,1
-0.33959,-0.669695,1.05432,-0.465637,1.60584,0
0.957339,-0.0817165,-1.24334,2.85932,-0.443747,1
0.758442,-0.898749,1.81953,1.42845,-0.261596,1
2.15805,0.534931,0.589211,0.680636,-1.23216,1
0.132615,-0.443263,-0.264534,-0.160004,-0.768734,1
-0.828554,0.931857,0.616055,1.16179,0.325081,0
-0.561351,-1.57545,0.601914,-0.081398,-2.35527,0
0.186017,-0.232306,1.00842,0.621887,0.714277,1
0.0466338,-1.68883,-1.51001,1.63065,1.75776,1
-0.0455454,0.153925,0.790489,0.318238,-0.868316,0
-0.539316,-0.772202,1.96188,-0.74863,1.64034,0
-0.0250532,0.362619,-0.114007,0.0227562,-0.680108,0
1.73202,-0.0178096,-0.715533,-0.0487362,1.06633,1
0.762134,-0.886248,-0.0446351,0.723404,-1.35574,1
-1.32706,1.32303,-0.227771,1.77958,0.697142,0
-0.35653,1.00084,1.22508,0.946937,-0.363616,0
-0.0695868,0.530276,-0.57714,0.776528,-0.447943,0
-0.719854,-0.192902,-0.243038,1.37623,-0.805448,0
-1.00692,2.09391,-0.785298,-0.0799821,-0.810587,1
1.31348,-1.01782,-0.413678,0.211018,1.87879,0
-0.182123,0.0530962,-0.459148,-0.778377,1.34531,1
0.538009,1.27738,0.94816,0.424935,0.0570882,1
0.515065,0.639387,0.101542,0.610802,-1.36539,1
1.03446,-1.29359,2.1952,0.706998,-0.557955,1
1.77913,0.311472,-0.302835,0.817121,0.641912,1
1.90687,-1.26198,-1.21112,1.16794,-1.2771,1
1.13153,-2.16883,0.635277,1.51277,1.46281,1
0.470945,0.769995,1.18092,-1.21802,-0.21256,1
0.22773,0.938737,0.164119,0.773886,-0.544233,1
-0.927595,-0.635624,-1.64935,-0.691268,1.75373,1
0.118335,0.775793,0.0659919,-0.0992393,-0.357748,1
0.947617,0.327772,0.0993436,2.12678,-1.59862,1
1.15512,0.301235,1.35804,-1.08645,0.102546,1
0.0459544,0.259915,-0.517351,0.430858,-0.312414,1
0.436559,0.256336,2.21913,-1.99884,0.548699,1
0.409802,-0.190972,0.34234,-0.0526443,-0.326237,1
0.178324,1.01707,-0.124083,-0.803275,0.179238,1
0.308475,0.817272,-1.03394,0.931211,-1.30464,1
-0.249018,0.497223,-0.10126,-0.85688,-0.146934,0
1.33282,0.904517,-1.25531,-0.382712,-2.24987,0
0.118954,1.05964,1.14269,-0.429394,1.30969,1
-1.3582,-0.696328,-0.211333,0.168295,-1.14211,0
-0.238559,-1.16415,1.31407,1.55636,1.11824,0
-0.946252,-0.0636027,-0.11375,-1.66506,-2.2384,1
-0.428954,-0.493115,1.53648,-0.0926168,-0.942533,0
-1.78777,0.824941,-0.696697,-0.968292,0.0367661,1
-1.09931,-1.4557,-0.250719,-0.717591,1.21737,1
0.237371,-0.080952,-0.41327,-1.3157,0.800689,0
-0.492352,0.292213,1.40709,1.17319,0.430565,0
2.25277,1.2585,1.39263,0.617025,-0.472459,1
-0.00858275,0.902561,0.783732,-1.51581,0.260421,0
0.294652,-0.978862,0.928219,0.0695681,-0.805264,1
0.790991,0.568545,-0.638596,0.596392,-0.723901,1
1.54484,-1.37223,1.21216,0.349238,0.22522,1
-0.338706,-0.893916,-1.42898,-1.01074,-1.0827,1
2.13814,-0.617056,-0.980667,-0.16589,-0.224416,0
-2.20839,0.667692,-0.860557,-1.45052,0.269697,1
-1.46048,0.384211,0.116093,0.145416,-1.22024,0
0.833032,1.81967,0.937427,-0.795003,-0.840905,1
1.99235,-0.868792,-0.0769067,-0.116405,-1.08987,1
0.0338172,-0.834749,0.888518,-0.247221,-0.281286,1
-0.232631,0.407389,-1.59691,1.03979,-1.55941,0
-0.703021,-0.111839,0.272131,0.113548,1.83822,0
-0.132466,-1.71892,-0.404578,-1.39294,-0.905766,1
-1.09346,-0.658341,-0.738452,1.2934,1.99507,0
1.28189,-1.164,1.10194,0.870733,-0.775864,1
-0.164699,-1.37317,1.58657,-0.867512,0.675672,0
-0.241435,-0.304906,-0.979997,-0.976671,-0.0844212,1
0.578911,1.21326,-1.84869,-0.941031,1.08262,0
-0.136614,0.913806,-0.16083,-0.283098,-2.06146,0
0.311021,0.0502001,0.113432,0.402747,-0.495747,1
1.63843,1.2787,0.252631,-0.880378,-0.13022,1
1.04489,-0.768128,0.731562,-0.685647,-0.501948,1
0.674587,0.319287,-1.01475,-0.381999,2.97105,0
0.838792,1.19828,0.402793,-1.15019,1.03907,1
1.86211,0.099673,-0.0776243,-0.424355,-0.0743992,1
0.679402,-0.572724,-0.0632958,0.072174,-1.21666,1
-0.708756,0.47672,-0.351282,0.372386,0.552034,0
-0.116356,1.41139,2.03401,0.738433,0.801199,0
-1.77757,0.224429,-0.513593,-0.857404,-1.43692,0
-0.83963,1.12719,0.350734,1.12811,0.814902,0
0.0907229,-0.0458203,0.384686,-0.182678,-1.29367,1
0.0928737,-0.963903,-0.164258,0.923287,1.31194,1
0.114014,0.487933,0.0241734,-0.584782,0.0803497,1
-0.304457,1.10297,-0.612818,-0.337281,1.46998,1
-0.675936,-0.417371,-0.377228,1.54878,0.0844758,0
0.628435,-0.767709,1.04391,0.470422,0.0157532,1
-0.29758,1.50416,-0.0425018,2.60453,0.807153,0
-2.04766,-0.290768,0.364908,1.94375,-0.0749991,0
-0.71111,-0.603507,1.75451,-1.4503,1.25966,0
1.02362,0.563883,0.163389,-0.255096,-0.131758,1
-1.11197,0.0153479,0.0754615,0.956246,0.11395,0
0.153577,-1.07662,0.492917,1.30748,-0.813064,1
0.235972,-0.0714173,-1.05567,-0.213722,-0.295803,0
-1.0743,0.300397,-1.18163,0.157805,-1.58126,0
0.921603,2.36771,0.130539,1.0487,-0.290508,1
-0.180401,-0.730577,-1.19783,1.42945,-0.0776691,0
1.07099,2.30463,-0.115493,1.57474,0.228745,1
-0.527047,-1.05886,0.238324,-1.13607,1.40922,1
2.50863,0.229684,1.37987,-0.807844,1.62198,1
1.41809,-1.58096,-0.371651,-1.05243,0.983854,0
0.532786,0.182997,0.677495,0.648263,-2.45659,1
-1.1538,-1.2432,-0.113836,-0.982477,-1.22242,1
1.6809,-1.78023,-1.28304,-0.282062,-0.0135849,1
-1.04504,-0.13461,-0.599246,0.562453,0.47502,0
-0.377769,1.53265,0.99789,-0.939943,2.21289,1
-1.90105,0.862001,-0.692544,0.503987,-0.593794,0
1.23642,0.407584,0.636998,-1.12065,-0.781758,1
-0.740244,-1.45668,0.320329,0.270676,-1.31072,0
-0.260397,-2.03205,1.20606,-1.5789,-1.05979,1
0.312316,-0.143891,0.331807,-1.02535,0.278239,1
1.11638,-1.6232,-1.56142,-0.389674,0.0218343,0
0.157802,0.857186,-1.3993,0.432617,-0.448961,1
0.214276,0.446965,-0.366884,-1.13056,0.737261,0
-1.44432,-0.0485955,0.957339,-0.313281,0.880808,0
-0.240381,0.49232,1.3285,-0.000909314,0.799494,0
-1.50028,0.0624529,-0.920564,0.15758,0.796236,0
-0.993564,-1.85483,0.540063,1.57561,-0.216898,0
1.93793,0.420982,-0.510969,-1.1979,-0.619895,0
0.282956,0.129,0.331207,0.0455292,1.40054,1
-0.491601,0.172189,1.56756,0.542882,-0.910951,0
-1.35702,0.0104511,-2.19322,-1.44963,-0.923459,1
-0.381305,0.860987,1.04215,-1.39984,0.666475,0
-0.306928,1.56302,-0.702824,0.533536,-0.165595,0
0.28928,-0.279063,0.337197,-0.687323,-0.645873,1
-1.78283,-0.206169,0.636611,-0.762651,0.689374,0
0.443778,0.215634,0.909172,-1.08216,-0.719528,1
1.55431,0.659841,-1.57524,-1.4233,-0.421542,0
0.398559,-0.15149,-0.0939788,0.930297,-2.20478,1
1.02896,0.0253583,1.67604,0.160639,1.79202,1
-0.730078,0.598187,-0.877773,-0.12574,1.33176,0
-0.107084,-0.837356,0.551111,0.524128,-0.621651,0
-0.853133,0.00360037,2.1553,0.390019,-1.44229,0
-0.94961,0.098981,-1.28082,0.440149,-0.570958,0
0.416204,0.60258,0.56612,-0.557567,1.00765,1
0.00920409,-1.06514,0.169359,-0.446984,1.4621,0
-0.85128,-1.1674,-0.0106143,-0.0928822,0.317279,0
2.03574,0.316498,0.587882,-1.10069,-1.12543,1
1.06829,-0.663251,-1.34155,-2.23186,-0.630693,0
-0.262832,0.560393,-0.455319,0.491567,-0.0686981,0
-0.0703332,-1.43107,-1.15589,0.640609,-0.328048,0
0.655065,-0.653736,-0.14838,-0.240038,0.60581,1
0.925786,2.02465,-0.379893,0.415055,-0.312455,1
1.06573,-0.570116,1.09192,-1.96772,1.23234,1
0.281088,0.375957,-0.375743,-1.31673,-0.467915,0
0.1128,1.54023,0.102175,1.52877,0.733858,1
-0.230212,0.832441,-0.0328818,-1.56146,1.1152,1
0.669169,-0.19121,-1.21542,0.268799,-0.372333,1
-0.436838,0.579338,-0.184487,-1.48793,1.97463,1
0.605719,-0.426647,0.219672,-1.83465,-0.011297,1
0.783348,-0.753113,-0.902501,0.708412,0.495143,1
0.0684549,-0.302401,-0.639962,-0.992902,1.01663,0
-0.732629,0.302463,-0.385157,0.268869,-0.751346,0
-0.503218,0.469298,-0.238689,0.731442,0.814531,0
0.372249,1.88951,-0.68331,0.486712,0.596683,1
-0.423274,0.518089,0.240821,0.75138,-0.688806,0
-0.143316,1.86532,-0.275616,-0.68694,-0.11385,1
0.88355,0.273998,-0.925104,-0.155114,0.643801,1
-1.56055,0.135514,0.462006,0.300143,0.681026,0
0.853559,1.28539,0.753627,0.729338,1.3972,1
1.32067,-1.03106,-0.719424,-0.0843443,-0.76487,1
-0.1743,0.00464001,-1.30325,0.296216,0.602619,0
-0.483269,0.907276,0.101312,-1.04472,-0.515517,1
0.176137,1.45691,-0.8391,0.739289,0.817054,0
0.807016,-0.0360629,1.65775,-0.924604,-0.22004,1
0.655456,0.946792,0.14453,0.811146,-0.258197,1
-0.192071,-1.15601,-1.1262,-0.724383,-1.35387,1
-0.562641,-0.262015,-1.64338,1.11246,-1.21614,0
-1.12905,1.36641,0.365484,-2.43257,0.834963,1
-0.764323,-0.54685,-1.5814,0.0687775,-1.53668,1
-2.07663,0.408897,0.277335,0.421786,0.805165,0
0.868484,-0.281157,0.865924,-1.10429,-0.75475,1
-0.887258,1.03853,1.60765,-0.984151,-1.14467,0
-0.474207,-1.18943,1.62321,2.18768,-0.754033,0
-1.48825,-0.587474,-0.174495,-1.86689,-0.345751,1
0.745794,1.32964,-0.364926,0.00276233,-1.52662,0
0.00987309,0.52061,-1.06679,-0.165164,0.360964,1
-0.539812,0.159912,-1.90283,0.528269,1.50778,1
-0.777273,-1.31268,1.20254,1.54558,0.753639,0
-0.942,-0.983416,-0.354774,0.648976,1.86356,0
0.611564,-0.744798,0.0207628,0.359686,1.33171,1
1.77698,0.920981,-0.0399337,-0.515496,-1.65295,0
-0.72234,0.135985,0.755353,-0.198409,-0.396381,0
0.37226,2.78619,0.135212,-0.38041,0.172576,1
-1.42602,-0.00935078,1.69772,-0.79422,-0.759874,0
0.248275,-0.597667,-0.820389,1.10485,1.7234,0
-1.4051,-1.92472,-0.837704,1.27088,-1.74966,0
0.058959,-0.46587,1.22056,0.989309,-1.12941,1
0.0230442,0.930902,0.301344,0.379455,-0.350933,1
0.18099,1.04025,-0.255071,0.797872,1.02212,1
-0.298682,1.63023,0.0192085,0.629634,-0.710987,0
-1.34385,-0.0815381,0.179858,0.720743,0.302023,0
-1.56418,-0.849494,0.909195,2.22016,-0.536531,0
-1.08884,-0.488566,-0.314542,-0.790041,-0.587108,0
0.869663,-2.23568,-0.692903,0.230338,-0.188809,1
1.57836,-0.154548,-1.63549,-0.738479,-1.24275,0
-0.146568,-0.0549,0.671386,-1.33064,-1.96029,0
-0.115419,-1.38456,-1.0002,-1.10037,1.11033,1
-0.156511,-0.364916,-0.325137,0.508119,0.470387,0
-2.49911,2.27476,-0.302471,-1.19465,-0.0292347,1
-0.645948,-0.247457,-1.79321,2.1456,-0.41494,0
-0.448755,1.028,-0.0263162,-0.0789821,-0.384074,0
-0.649819,-0.0832533,-0.681691,0.0409167,-0.822992,0
1.07721,2.16805,-0.380657,-0.710139,-0.500638,0
1.82202,-2.16385,1.2174,-1.29503,-0.477921,1
1.5445,-0.826544,-0.831984,0.621871,0.574171,1
-2.29405,0.841722,-1.25112,-0.194556,0.476007,1
-0.989397,0.293929,-0.673035,-0.725952,1.50348,0
0.981436,1.84097,0.8643,0.304913,-0.372725,1
0.444017,0.397413,0.175896,0.0199741,0.464118,1
0.221595,1.54152,-0.909149,1.48742,-0.191404,1
-1.96119,-0.277719,1.59173,-1.33141,0.634821,0
-0.947253,-0.751951,1.49892,0.0723503,0.412499,0
-0.493322,-0.117004,-2.32648,-1.93069,0.410806,1
-2.03879,0.686218,-0.493432,1.25942,1.8952,0
-0.633056,0.607954,-0.421851,-2.19154,-0.0806958,1
-1.10942,0.455144,-0.330499,1.14564,-1.40871,0
0.155016,1.22006,0.273727,-0.627287,0.969927,1
1.93278,0.658311,-2.1308,-1.3907,-0.44011,0
0.237345,0.958026,0.603794,0.846246,-0.386972,1
0.313777,-0.613079,1.03226,1.72673,-2.84074,1
0.424457,-0.115502,1.20756,0.117571,0.653607,1
-1.41416,-0.562169,-0.525663,-0.252221,0.72714,0
-0.824903,0.220782,-0.22342,1.19167,0.386027,0
2.08121,1.06443,0.443099,0.511178,-1.00013,1
1.38712,-1.30922,0.505344,1.09155,0.392311,1
-1.13606,1.14144,0.409353,-0.348341,-0.386827,0
-1.66287,0.93303,-0.406977,0.0491956,-0.322281,0
1.5102,0.736759,0.684298,-0.0639556,0.757032,1
0.0742136,-0.398584,-0.350034,-1.62898,-0.212808,0
-1.19858,0.243382,0.0558038,2.12388,-2.19438,0
-0.561049,0.32308,1.54792,0.940358,-1.57197,0
-1.16954,0.369919,-1.61983,-0.417887,1.09515,1
-0.191846,-0.378456,1.1673,-0.342928,-0.0588636,0
-0.304733,0.0450113,-0.489804,0.403616,0.0453142,0
0.983243,-1.34849,1.32906,-0.566453,-1.24395,1
-0.759077,-1.64311,-0.619313,-0.247612,0.788829,1
-0.974979,0.335838,-0.617769,-0.800918,0.198876,1
-1.55597,-0.965312,-1.30813,-0.578965,-0.564128,1
-1.1475,1.61211,-0.378966,-1.57093,0.508113,1
-0.527883,-1.81203,-1.20089,0.756485,1.38538,1
